Generated by opendatacommunities.org,2013-09-06T16:44:39+01:00
http://opendatacommunities.org/data/transparency/impact-indicators/affordable-housing-completions,Impact indicator: affordable housing completions
Reference area,E92000001 England
indicator,Number of affordable housing completions delivered through the HCA and the GLA
Frequency,Half yearly

,,http://opendatacommunities.org/id/GLA/greater-london-authority,http://reference.data.gov.uk/id/public-body/homes-communities-agency
http://opendatacommunities.org/def/ontology/time/refPeriod,Reference period,Greater London Authority,Homes and Communities Agency
http://reference.data.gov.uk/id/government-half/2009-2010/H1,"2009-2010, first half",3884,15046
http://reference.data.gov.uk/id/government-half/2009-2010/H2,"2009-2010, second half",8738,25511
http://reference.data.gov.uk/id/government-half/2010-2011/H1,"2010-2011, first half",3965,15600
http://reference.data.gov.uk/id/government-half/2010-2011/H2,"2010-2011, second half",8904,27432
http://reference.data.gov.uk/id/government-half/2011-2012/H1,"2011-2012, first half",2887,9901
http://reference.data.gov.uk/id/government-half/2011-2012/H2,"2011-2012, second half",13286,25627
http://reference.data.gov.uk/id/government-half/2012-2013/H1,"2012-2013, first half",1558,9874
http://reference.data.gov.uk/id/government-half/2012-2013/H2,"2012-2013, second half",6556,18679
